path	bytes	sha256
driver_client.hpp	22973	008cce36e3904064cc39e2b0f9f8bfd3119df044c38dadd4cc0deee86ccb5f3f
helper.hpp	299163	2753b0d6ea690530fde0b826cbb973f4ffbe740dea91a55312875a2100c27e4d
ioctl_helper.hpp	124232	7563bf909c5a7167c375e56e27dbed66c547bbc51aedf1048c2687158337c237
kernel_control_panel/change_journal.py	8040	2012ad5dcd5a9ebf84086981469020a7f57ec7bab3bae677f19711d61c359df8
kernel_control_panel/DISASSEMBLY_WORKSPACE.md	7128	a7563213c3b2e789d06facaaef09a419f51b39e6c5d03f01497eaff97bea50e0
kernel_control_panel/disassembly_workspace.py	24659	2c3b213341818a3159edc6cd7960a8c0baf60b9b0746bf9f4c66fb67c67d08cd
kernel_control_panel/DLL_WORKBENCH.md	9577	d87b23874b195c6f34cf17cd73a86bed3d663900fe9228a1b5a42a6fde54a85b
kernel_control_panel/driver_bridge.py	55121	56e0d0a482ec072f125060c61bb7709153445abdc9c33e254d763c2aeb8c9998
kernel_control_panel/function_views.py	40095	978566f72972136461290fd2733bc7e2c44a3dceb93c0dcad24065ef942ffc02
kernel_control_panel/image_workbench.py	26443	cf49c47510e4056ffea0039dd93ff68d772d59e0ed07294feb178494411268bf
kernel_control_panel/kernel_only_bridge.py	1022	f95e55a72419fd470c72cc77945e6d2ccd17ddeec3a54fba588229548c260dde
kernel_control_panel/kernel_scanner.py	9183	5935223c079cf16a4ffdaffa5f8ffbf4ef4ca642e9ec8d39e105250370bbd258
kernel_control_panel/memory_allocation.py	8559	74d03b24e0c976847b87dadb1db653f4fb4ce01449ea865715f3d9f30f93c4f6
kernel_control_panel/memory_dump.py	23292	9bf5b36aafaf6ad64dc71a95ca57a24bd82501508493ac51ec8befcfe31284a0
kernel_control_panel/memory_editor.py	19749	21e85f146b4149fce36ca75f4ffc3a37f927515eaaa7c50c7eb1d07e92f37071
kernel_control_panel/memory_images.py	15441	198b89f9f2734f06e741873bfa13d2059dc36b037f7f3410e51e40b51270948b
kernel_control_panel/MEMORY_SCAN_WORKSPACE.md	7859	539265037cf74805ffc4fc5d900aef98401b3a8c3a56dc68925bb91f15554b24
kernel_control_panel/memory_scanner.py	16835	c009ddb9c4ac81e4cecb5664bc003e012217e5ebcf3f5cb9262850259037aebd
kernel_control_panel/memory_wide_view.py	6690	0b819ee856eafdcf63a656a685b33d794ae7ab385b1d7c5d3aeff75b8af206b2
kernel_control_panel/native/build_pdb_symbols.cmd	453	032c9db643ed7016bff7e6f53795a735b63242c3b5f45f1e7a3d5d5a7c7d7acb
kernel_control_panel/native/pdb_symbols.cpp	11942	279cf3bb1acaebafa2ff71dcb78227fadf2dddcbf6c18a088f26b6072e322708
kernel_control_panel/process_catalog.py	4466	6096cf97e6cf4c08934462895ae7095d1ebf567fb819d6a307096bd36a5da08e
kernel_control_panel/productivity_suite.py	30878	e7603e4cc4af8f12d1c213d9dabe3cb1f0794d8b41b078c78acbb581fff178dc
kernel_control_panel/README_ko.md	18976	e228290d25326fd8893ae2e3fef1ac4a8446ebdd933b2ca9bdd84a7289655ee5
kernel_control_panel/request_scheduler.py	4755	307aca2eb2be489dcd476e30f446f5e191742a4379a3ed35ee0d92dc00d91748
kernel_control_panel/requirements.txt	100	ec8cd58138397a89c50d0841087a76d85993237e18fb19790d5d4731e02119ae
kernel_control_panel/scan_workspace.py	46139	713678b7574d1e13ef864471221152fbf30da3ebb54219971f1da263f618d77e
kernel_control_panel/server.py	26430	08fb0b260cadcaf07cdbd3ec94414f2578ae35b800a71e82ad4e5f16d5c8c5c1
kernel_control_panel/simulate_stability.py	11563	93a6a7af722aef3a374deb8c0de017b232685e620ea00475365932c8007eddda
kernel_control_panel/start_panel.bat	351	0b0d46e30991b1514c4eaaaa7a87d014fedf50e00d4c76b1c3deb54245e39b4f
kernel_control_panel/static/disassembly_workspace.css	1944	69299f87ec03d152a93bc8e2ec5d3b28947cf8881e7b72a4cbdb934432124912
kernel_control_panel/static/disassembly_workspace.js	17096	5bc93ca9902ce16f32265485a27a64ecc9408c45b68a52b8857914ead5543da7
kernel_control_panel/static/dll_workspace.js	19002	e3f92b416e6a9bbbc8df55ce4eff1cf71de849a4999c29d628beac59c1228f82
kernel_control_panel/static/function_views.css	3369	9c3a03f9c7aafb100de805690cd684ad0577f9a16f3a57a48c114dbd1a4f0b4c
kernel_control_panel/static/function_views.js	17764	006a37a1095354648618d223600bfaefdd4829b3a299ba21d654f05f58c3d2d9
kernel_control_panel/static/index.html	3673	ca2f76f58a2cf2627bb644dd9e3af386100bda9ca805740ea2299270e6ed8337
kernel_control_panel/static/memory_allocation.css	658	673c7150529ff3151c0b27cfc39a4e0705ed9cc8a7ec5c60c49dc5d37c41ff73
kernel_control_panel/static/memory_allocation.js	9505	ce9bebf7923d34ef76513a227c6b0664d2a2bd57f60414022e12224e43e6eaf0
kernel_control_panel/static/memory_editor.css	4052	a553791e7189d41b1d7864081cd9473b77892a7a9e88a45d901b6fa3651f808c
kernel_control_panel/static/memory_editor.js	37825	1f839b144ea11d675b88b2cf3b0023a5992512201e33e5d7e3ee0f6559cf66b6
kernel_control_panel/static/memory_wide_view.css	3232	3cd1ada0f7330cdfc87c36161e1b4f835826118bd08bf708838a2d9aa314ae50
kernel_control_panel/static/memory_wide_view.js	24393	bdd3e7909af6fa1ac94f244d790e7fd52f29816c1d160738d06da09de201ab19
kernel_control_panel/static/productivity_suite.css	2088	40676fc5beb1487988ea5a6e93d9c95064ff63a9c2b37c7a234f87d0d24692ca
kernel_control_panel/static/productivity_suite.js	27520	2ef9931b0bf95ab8709159c7ed4a74950029bdc7df460dd0fce588e4124186a1
kernel_control_panel/static/scan_workspace.css	8657	595f3e4a943b7ba443ecff4ae52b95f46304ce246864a6b43349bae538c428df
kernel_control_panel/static/scan_workspace.js	42373	7bb04518e650b1219734eecf0014ae2c4dd72ea791c190f57a807d9ee2549d50
kernel_control_panel/static/studio.css	9433	d70becbd391b8349df35b20ba7470106f4c74806c73fed12c9bd8738ba94b473
kernel_control_panel/static/studio.js	69997	1ea7feae900ca7491810bbc4d51988cff31a59d2c5c20af71f4360f915c7fbb3
kernel_control_panel/studio_api.py	56137	0b0e7227ca8b8db4a076904c99085fad543042da3e56e9af35f9453fcac91d52
kernel_control_panel/studio_extensions.py	16807	b388a6c1a043092148b9673c0a85860a137105b4e42f75de16ad03cedf6ce1a9
kernel_control_panel/test_asgi_client.py	2281	5a685f2a8024e2f8ed37459f57b3aa46980e68c45acb63cb925f1d227c6498a7
kernel_control_panel/test_commercial_regressions.py	6749	3437f1c9de89053a948531b29e4d31abcd3b521d55909ab39ea692e730f82ec1
kernel_control_panel/test_disassembly_workspace.py	12388	c8f386abcb9b658353362d45428308faed0e25c435419e47bed68ee9f42be43d
kernel_control_panel/test_driver_all_ioctl.py	553	0c41fc93ed2e0e29aecf38739a3a01b7dac97a873a578952fc948bd3d3690241
kernel_control_panel/test_driver_readonly.py	2457	62a9b9fe2e7549c945409458c3acb3a8263bf4df18f77839a0aaad4dcf50e25b
kernel_control_panel/test_extensions_regressions.py	4705	d1de8ba1f8b2dd8929a5ca1271abe7871ba027b8ec423ab136dd7c232ed17100
kernel_control_panel/test_function_views.py	7475	bf6b6e2011ecaddfb38085e7dd2f0731634b5117492291ad7a739322cb119e84
kernel_control_panel/test_image_workbench.py	15157	8d6a0a61b0fb3aad00a5a8e70b2bd92869e938bc751bca739e6e99b0ce98a512
kernel_control_panel/test_kernel_scanner.py	6264	477d86fa59cbf54d039dbf63babb4b50aadb0c5f979a3d0ce376121d502352d1
kernel_control_panel/test_memory_allocation.py	8559	63aa345926506b44bee1918fea7a51b7a4fda2ca7cb5eb594d02751ccbb0b795
kernel_control_panel/test_memory_dump.py	14048	02bebaf8dbea812d89051906f948fd87cf786d63a730d6ae4cfdbcc81cfc2de4
kernel_control_panel/test_memory_editor.py	8411	4b4624ac7cf97390374d433cbef9438bd0b1f79f9981958c7543389f61a3af5b
kernel_control_panel/test_memory_images.py	9668	be5e8011ca952e02926f1ea4cfb728ee3e1a2659958975bee173c9897e2e9ed9
kernel_control_panel/test_memory_wide_view.py	5765	cebc21e1488302713e5dc72e63c086d572897c466c4848b238c5b9ea4d27c4b1
kernel_control_panel/test_process_catalog.py	5829	bba622db2c650851714d2cf87f0ae0e2a6ad5f815a16877ec455f83667f996f7
kernel_control_panel/test_productivity_suite.py	12186	23275f0a2c4fc1795d661f3a81116a6ad578edc6c58508070c73a488fccded14
kernel_control_panel/test_scan_workspace.py	28539	efdb0629c5217dfc33037b1b173988322ac12177537f0239d2d2d7afdd479ddb
kernel_control_panel/test_stability_regressions.py	14022	fa8d1743434ba39df85dfbaef087cdd74bdd3349ee0bbc3e15dfc96d1658b3ba
kernel_control_panel/test_thread_editor.py	5353	76f891d9cc0c7dc4b2e6b943b38bb1ad646fdba7b3f4c845b7d02ae1d0e56939
main.cpp	2562	08d5560dbbd07abec54c5a3c36c0ca5ca0e46d0714bea2c9f2599466425a3893
remote_call.hpp	15196	963d07ea3456d3ab615bfdd62c28f92a8f2fdb39cefd9ae34abff65bb7d17e7a
remote_call_protocol.h	2942	ab34ef389ceaa94b7fa764066217124ce8f77f99f9e0d4a86c0f9d7ae588eff0
routine.cpp	1714	f41c6a9146ad2a8f14b665cf4a581e130655429bb626ae16ebfa0d878efda853
SampleKernel1.inf	1865	1bf353b97621a3cf55981959f75fe3d3c2a2eb2abb56b2b4e810d2e43a86a9c6
SampleKernel1.sln	1776	7b1a4acda310b98ddb2ac57b542d74aa7c81b90db063277b7873d05a6c655bd5
SampleKernel1.vcxproj	6037	be0981bd278cec676d293ec816348189d9c0c5649af7328ee9d2a9a24b215acf
SampleKernel1.vcxproj.filters	1151	b2e07d1be43b6e71e1387b4bb68de55a130d6ca01afb3ceb28418fde6ae1e828
test_client.cpp	2909	6aa4b14889f1c7fba410bc33abb15e0c6914f8f58966a3df67c4d98edb9c207d
utils.hpp	56737	13f92c30ae0866487c706abe7d50c85c2676a2a16103e52e8c2592f37524f417
